{"cameraMode":{"drawMode":0,"name":"Shaded","section":"Shading Mode"},"sceneLighting":true,"audioPlay":false,"sceneViewState":{"m_AlwaysRefresh":false,"showFog":true,"showSkybox":true,"showFlares":true,"showImageEffects":true,"showParticleSystems":true,"showVisualEffectGraphs":true,"m_FxEnabled":true},"in2DMode":false,"pivot":{"x":0.19656896591186524,"y":3.169966459274292,"z":4.191733360290527},"rotation":{"x":-0.06336379796266556,"y":-0.886324405670166,"z":0.12744320929050446,"w":-0.44066697359085085},"size":7.3543877601623539,"orthographic":false}